{
    "medias": [
        7.166666666666667,
        6.666666666666667,
        5.666666666666667,
        -1
    ],
    "notas": [
        [
            7.0,
            8.5,
            5.5
        ],
        [
            9.0,
            9.0,
            2.0
        ],
        [
            4.0,
            5.0,
            8.0
        ],
        [
            -1,
            -1,
            -1
        ]
    ],
    "alunos": [
        "joao",
        "joaquim",
        "joao pedro",
        "ana"
    ]
}